"Treatment","Treatment.Desc","NWeeks","Participating.Students","NStudentCosumedFood","ConsumptionRate","TotalFruitSystem","TotalFruitConsumed","TotalFruitDiscarded","PercentConsumed","PercentDiscarded","X0","X.0","X.100","X.1000","Mean.Prevalence.Ill","MedianPrev","Top.97.5.Ill","Bot.025.Ill"
1,"ON",200,325000,133089,40.9504615384615,171837,142757,29080,83.0769857481218,16.9230142518782,81.4995980133595,8.97519704859154,3.87409928694332,5.65110565110565,0.983756211867155,0.00958904109589041,1.92023633677991,0.273224043715847
2,"OFF",200,325000,114784,35.3181538461538,185042,114784,70258,62.0313226186487,37.9686773813513,85.1582102035127,6.93476442709785,3.0988639531642,4.80816141622526,0.891529404507512,0.00862068965517241,1.83826603383828,0.171821305841924
3,"ONWash",200,325000,132479,40.7627692307692,171348,142138,29210,82.9528211592782,17.0471788407218,82.7466994768982,8.43077015979891,3.6315189577216,5.19101140558126,0.897820850637551,0.00854700854700855,1.75953079178886,0.268456375838926
4,"ONWr",200,325000,132381,40.7326153846154,171328,142059,29269,82.916394284647,17.083605715353,87.0819830640349,7.38625633587902,2.5011142082323,3.03064639185382,0.523712217727426,0.00522193211488251,1.16279069767442,0
5,"OFFWash",200,325000,114380,35.1938461538462,184363,114380,69983,62.0406480692981,37.9593519307019,85.5438013638748,6.83336247595734,3.04423850323483,4.57859765693303,0.845108277771173,0.00838926174496644,1.8018018018018,0.170068027210884
6,"OFFWr",200,325000,114931,35.3633846153846,184685,114931,69754,62.2308254595663,37.7691745404337,89.0969364227232,6.21503336784679,2.09952058191437,2.58850962751564,0.484015143728752,0.00498338870431894,1.20898100172712,0
7,"XExc",200,325000,132217,40.6821538461538,171484,141579,29905,82.5610552587997,17.4389447412003,82.3237556441305,8.49512543772737,3.70905405507612,5.47206486306602,0.932905617487676,0.00875912408759124,1.84921763869132,0.272108843537415
8,"XSTClosed",200,325000,133362,41.0344615384615,184508,143333,41175,77.6838944652806,22.3161055347194,82.8316911863949,8.21973275745715,3.58647890703499,5.36209714911294,0.919757099904872,0.00859598853868195,1.8413597733711,0.267379679144385
9,"STAside",200,325000,114305,35.1707692307692,184508,114305,35794,61.9512433065233,19.3997008259804,84.0925593806045,7.87892043217707,3.36468220987708,4.66383797734132,0.867675785123886,0.00850340136054422,1.85185185185185,0.171232876712329
