"Treatment","Treatment.Desc","NWeeks","Participating.Students","NStudentCosumedFood","ConsumptionRate","TotalFruitSystem","TotalFruitConsumed","TotalFruitDiscarded","PercentConsumed","PercentDiscarded","X0","X.0","X.100","X.1000","Mean.Prevalence.Ill","Top.97.5.Ill","Bot.025.Ill"
1,"ON",100,162500,65896,40.5513846153846,91211,70632,20579,77.4380283079892,22.5619716920108,77.7012261745781,9.37537938569868,4.72866334830642,8.19473109141678,1.42859947121658,2.57966616084977,0.550206327372765
2,"OFF",100,162500,57422,35.3366153846154,97579,57422,40157,58.8466780762254,41.1533219237746,84.4624011702832,6.39127860401936,3.44815575911671,5.69816446658075,1.08724437021679,2.15449543417331,0.330578512396694
3,"ONWash",100,162500,66263,40.7772307692308,91582,70918,20664,77.4366141818261,22.5633858181739,79.3202843215671,9.54529677195418,4.2587869550126,6.87563195146613,1.20990242926215,2.21606648199446,0.409276944065484
4,"ONWr",100,162500,65930,40.5723076923077,91002,70516,20486,77.4884068482011,22.5115931517989,85.0280600637039,8.08281510693159,3.00773547702108,3.88138935234339,0.671996673947999,1.42450142450142,0.138888888888889
5,"OFFWash",100,162500,57751,35.5390769230769,98266,57751,40515,58.7700730669815,41.2299269330185,84.5405274367543,6.48819933853959,3.20340773319943,5.76786549150664,1.08746638895009,2.09424083769634,0.330551281876727
6,"OFFWr",100,162500,57574,35.4301538461538,97831,57574,40257,58.8504666210097,41.1495333789903,87.6784659742245,6.3275089450099,2.46986486955918,3.52416021120645,0.664725830231543,1.47347066734516,0
7,"XExc",100,162500,65762,40.4689230769231,91276,70409,20867,77.1385687365792,22.8614312634208,79.8865606277181,8.79991484443904,4.35053678416107,6.96298774368176,1.21683084295131,2.25913732724391,0.41958041958042
