"Treatment","Treatment.Desc","NWeeks","Participating.Students","NStudentCosumedFood","ConsumptionRate","TotalFruitSystem","TotalFruitConsumed","TotalFruitDiscarded","PercentConsumed","PercentDiscarded","X0","X.0","X.100","X.1000","Mean.Prevalence.Ill","MedianPrev","Top.97.5.Ill","Bot.025.Ill"
1,"ON",20,32500,13352,41.0830769230769,17168,14317,2851,83.393522833178,16.606477166822,80.624625524266,9.42180946674655,3.6698621929299,6.28370281605752,1.07791943362072,0.00984528832630099,2.1978021978022,0.28328611898017
2,"OFF",20,32500,11401,35.08,18538,11401,7137,61.5007012622721,38.4992987377279,85.1942812034032,6.70116656433646,3.1225331111306,4.98201912112973,0.909316862277708,0.0088339222614841,1.78571428571429,0.177935943060498
3,"ONWash",20,32500,13292,40.8984615384615,17058,14166,2892,83.0460780865283,16.9539219134717,83.3207944628348,8.41107433042432,3.13722539873608,5.13090580800481,0.900847146522805,0.00841514726507714,2.01729106628242,0.273224043715847
4,"ONWr",20,32500,13103,40.3169230769231,16993,14107,2886,83.0165362207968,16.9834637792032,86.2932152942074,7.86842707776845,2.63298481263833,3.20537281538579,0.536042696077481,0.00547195622435021,1.24879447718945,0
5,"OFFWash",20,32500,11453,35.24,18373,11453,6920,62.3360365754096,37.6639634245904,85.6456823539684,6.80171134200646,2.88134113332751,4.67126517069763,0.884431950826147,0.00859106529209622,1.80623973727422,0.1669449081803
6,"OFFWr",20,32500,11578,35.6246153846154,18444,11578,6866,62.7738017783561,37.2261982216439,88.6422525479357,6.25323890136466,2.15926757643807,2.94524097426153,0.562175625997181,0.00516351118760757,1.38648180242634,0
7,"XExc",20,32500,13228,40.7015384615385,17052,14184,2868,83.1808585503167,16.8191414496833,82.7109162382824,8.70123979437557,3.67402479588751,4.91381917145449,0.812210392838739,0.0078740157480315,1.58311345646438,0.145985401459854
8,"XSTClosed",20,32500,13479,41.4738461538462,18454,14525,3929,78.7092229326975,21.2907770673025,83.4038133392685,8.15342384449885,3.31626975294903,5.12649306328363,0.871149166971259,0.00834492350486787,1.84659090909091,0.261780104712042
9,"STAside",20,32500,11499,35.3815384615385,18454,11499,3167,62.3116939416929,17.1615909829847,83.8420732237586,8.44421254022089,3.22636751021828,4.48734672580224,0.792638500276117,0.00709219858156028,1.7244372605364,0.16260162601626
