"Treatment","Treatment.Desc","NWeeks","Participating.Students","NStudentCosumedFood","ConsumptionRate","TotalFruitSystem","TotalFruitConsumed","TotalFruitDiscarded","PercentConsumed","PercentDiscarded","X0","X.0","X.100","X.1000","Mean.Prevalence.Ill","Top.97.5.Ill","Bot.025.Ill"
1,"ON",30,48750,19759,40.5312820512821,27444,21188,6256,77.2044891415246,22.7955108584754,82.0992965231034,7.21190343640872,3.93744622703578,6.7513538134521,1.16729451071475,2.32558139534884,0.417246175243394
2,"OFF",30,48750,17230,35.3435897435897,29243,17230,12013,58.9200834387717,41.0799165612283,84.7475333720255,5.86186883343006,3.55194428322693,5.83865351131747,1.1105353563748,2.16998191681736,0.342465753424658
3,"ONWash",30,48750,19904,40.8287179487179,27472,21330,6142,77.6426907396622,22.3573092603378,82.2297025723473,7.58139067524116,3.87359324758842,6.31531350482315,1.13072343683507,2.10992812701137,0.40650406504065
4,"ONWr",30,48750,19841,40.6994871794872,27376,21254,6122,77.6373465809468,22.3626534190532,85.6458847840331,7.55506274885339,2.87787913915629,3.92117332795726,0.696350437418706,1.40646976090014,0.140840118064222
5,"OFFWash",30,48750,17366,35.6225641025641,29472,17366,12106,58.9237242128122,41.0762757871878,84.4063111827709,6.17298168835656,3.23620868363469,6.18449844523782,1.12427387173744,2.32558139534884,0.321543408360129
6,"OFFWr",30,48750,17181,35.2430769230769,29236,17181,12055,58.7665891366808,41.2334108633192,87.6084046330248,6.23363017286537,2.54932774576567,3.6086374483441,0.676973237998182,1.52801358234295,0.165562913907285
