"Treatment","Treatment.Desc","NWeeks","Participating.Students","NStudentCosumedFood","ConsumptionRate","TotalFruitSystem","TotalFruitConsumed","TotalFruitDiscarded","PercentConsumed","PercentDiscarded","X0","X.0","X.100","X.1000","Mean.Prevalence.Ill","MedianPrev","Top.97.5.Ill","Bot.025.Ill"
1,"ON",200,325000,132543,40.7824615384615,183011,141909,41102,77.5412406904503,22.4587593095497,77.7619338629728,9.60744814890262,4.81881351712275,7.81180447100186,1.36393204936021,0.0131964809384164,2.46020260492041,0.437956204379562
2,"OFF",200,325000,114524,35.2381538461538,195708,114524,81184,58.5177918122918,41.4822081877082,84.2600677587231,6.32880444273689,3.32943313191995,6.0816946666201,1.13351329854625,0.010752688172043,2.21843003412969,0.337268128161889
3,"ONWash",200,325000,131978,40.6086153846154,182208,141297,40911,77.5470890410959,22.4529109589041,79.5291639515677,9.33716225431511,4.18251526769613,6.95115852642107,1.20762100680948,0.0115440115440115,2.27596017069701,0.4149377593361
4,"ONWr",200,325000,132154,40.6627692307692,182369,141394,40975,77.53181735931,22.46818264069,85.3912859239978,7.8794436793438,2.90267415288224,3.8265962437762,0.668813266524125,0.0060790273556231,1.41849008704061,0.138888888888889
5,"OFFWash",200,325000,114561,35.2495384615385,195469,114561,80908,58.6082703651218,41.3917296348782,84.5706654096944,6.48562774417123,3.23670359022704,5.70700325590733,1.06675758176161,0.0103626943005181,2.12765957446809,0.33003300330033
6,"OFFWr",200,325000,114559,35.2489230769231,195635,114559,81076,58.5575178265648,41.4424821734352,87.9424575982681,6.30679387913651,2.41884094658647,3.33190757600887,0.616776980498721,0.00540540540540541,1.39616055846422,0
7,"XExc",200,325000,131663,40.5116923076923,182441,140663,41778,77.1005420930602,22.8994579069398,79.779436895711,8.78302940081876,4.31860127750393,7.11893242596629,1.24400733437917,0.0120300751879699,2.25988700564972,0.427960057061341
8,"XSTClosed",200,325000,132706,40.8326153846154,195718,142552,53166,72.835406043389,27.164593956611,80.3686344249695,8.53239491808961,4.09401232800326,7.00495832893765,1.23784353299047,0.0119760479041916,2.31884057971015,0.4149377593361
