"Treatment","Treatment.Desc","NWeeks","Participating.Students","NStudentCosumedFood","ConsumptionRate","TotalFruitSystem","TotalFruitConsumed","TotalFruitDiscarded","PercentConsumed","PercentDiscarded","X0","X.0","X.100","X.1000","Mean.Prevalence.Ill","Top.97.5.Ill","Bot.025.Ill"
1,"ON",100,162500,65941,40.5790769230769,91095,70664,20431,77.5717657390636,22.4282342609364,81.5077114390137,7.8858373394398,3.89135742557741,6.71509379596912,1.17284406117833,2.1865889212828,0.394218134034166
2,"OFF",100,162500,57468,35.3649230769231,98050,57468,40582,58.610912799592,41.389087200408,84.0363332637294,6.5740934085056,3.4854179717408,5.90415535602422,1.13569417046601,2.20713073005093,0.335514541387025
3,"ONWash",100,162500,66238,40.7618461538462,91199,70925,20274,77.769493086547,22.230506913453,82.0722244029107,7.84293004015822,3.68972493130831,6.39512062562275,1.12812895698051,2.16146125728258,0.408163265306122
4,"ONWr",100,162500,65721,40.4436923076923,90809,70153,20656,77.2533559448953,22.7466440551047,86.5765889137414,6.98863377002785,2.7388505957,3.69592672053073,0.65550527516263,1.33729569093611,0.140252454417952
5,"OFFWash",100,162500,57587,35.4381538461538,97827,57587,40240,58.866161693602,41.133838306398,84.6458402069912,6.32955354507094,3.41049195130846,5.61411429662945,1.07136346096984,2.07981296938186,0.326797385620915
6,"OFFWr",100,162500,57407,35.3273846153846,98013,57407,40606,58.57080183241,41.42919816759,87.6792028846656,6.3232706812758,2.45963035866706,3.5378960753915,0.665920715819335,1.49272388059701,0
7,"XExc",100,162500,65852,40.5243076923077,91360,70413,20947,77.0720227670753,22.9279772329247,82.2647755573103,7.8205673328069,3.62631355160056,6.28834355828221,1.10650172619312,2.08333333333333,0.291545189504373
