"Treatment","Treatment.Desc","NWeeks","Participating.Students","NStudentCosumedFood","ConsumptionRate","TotalFruitSystem","TotalFruitConsumed","TotalFruitDiscarded","PercentConsumed","PercentDiscarded","X0","X.0","X.100","X.1000","Mean.Prevalence.Ill","MedianPrev","Top.97.5.Ill","Bot.025.Ill"
1,"ON",200,325000,132250,40.6923076923077,171085,141790,29295,82.8769325189233,17.1230674810767,81.4790170132325,8.83931947069943,3.83818525519849,5.84347826086957,1.00165288164096,0.00972222222222222,1.96374622356495,0.278940027894003
2,"OFF",200,325000,114281,35.1633846153846,184077,114281,69796,62.0832586363315,37.9167413636685,85.2950184195098,6.86290809495892,3.25075909381262,4.59131439171866,0.856710631746761,0.00844594594594595,1.82421227197347,0.169204737732657
3,"ONWash",200,325000,132460,40.7569230769231,171491,142000,29491,82.8031791755836,17.1968208244164,82.7978257587196,8.57541899441341,3.48784538728673,5.13890985958025,0.884596506687174,0.00847457627118644,1.75675675675676,0.27063599458728
4,"ONWr",200,325000,132341,40.7203076923077,171474,141880,29594,82.7414068605153,17.2585931394847,87.0183843253414,7.53507983164703,2.43537528052531,3.0111605624863,0.514199460316637,0.00443131462333826,1.15606936416185,0
5,"OFFWash",200,325000,114512,35.2344615384615,184762,114512,70250,61.9781123824163,38.0218876175837,85.3849378231102,6.98791393041777,3.08177308928322,4.54537515718877,0.834226976916176,0.00830564784053156,1.7636684303351,0.170648464163823
6,"OFFWr",200,325000,114662,35.2806153846154,184860,114662,70198,62.0263983555123,37.9736016444877,88.9091416511137,6.19734524079468,2.14805253702186,2.74546057106975,0.500558129679551,0.00505902192242833,1.2280701754386,0
7,"XExc",200,325000,132330,40.7169230769231,171833,141806,30027,82.52547531615,17.47452468385,82.5323055996373,8.50374064837905,3.74215975213481,5.22179399984886,0.893818142222759,0.0084985835694051,1.82584269662921,0.144300144300144
8,"XSTClosed",200,325000,133706,41.1403076923077,185091,143912,41179,77.7520246797521,22.2479753202479,82.7891044530537,8.14323964519169,3.58622649694105,5.48142940481355,0.947451576875963,0.00932090545938748,1.83495970829061,0.269541778975741
9,"STAside",200,325000,114957,35.3713846153846,185091,114957,35185,62.1083683161256,19.0095682664203,84.0923127778213,8.02821924719678,3.27687744113016,4.60259053385179,0.8441412429995,0.00836120401337793,1.79533213644524,0.169204737732657
